Workbook

Sheet Resumen
A1: Resumen de observaciones
A3: Prioridad | B3: Total | C3: Pendiente | D3: En progreso | E3: Realizada | F3: % avance
A4: Crítica | B4: =COUNTIF(Observaciones!$K$5:$K$29,A4) | C4: =COUNTIFS(Observaciones!$K$5:$K$29,$A4,Observaciones!$N$5:$N$29,"Pendiente") | D4: =COUNTIFS(Observaciones!$K$5:$K$29,$A4,Observaciones!$N$5:$N$29,"En progreso") | E4: =COUNTIFS(Observaciones!$K$5:$K$29,$A4,Observaciones!$N$5:$N$29,"Realizada") | F4: =IF(B4=0,0,E4/B4)
A5: Alta | B5: =COUNTIF(Observaciones!$K$5:$K$29,A5) | C5: =COUNTIFS(Observaciones!$K$5:$K$29,$A5,Observaciones!$N$5:$N$29,"Pendiente") | D5: =COUNTIFS(Observaciones!$K$5:$K$29,$A5,Observaciones!$N$5:$N$29,"En progreso") | E5: =COUNTIFS(Observaciones!$K$5:$K$29,$A5,Observaciones!$N$5:$N$29,"Realizada") | F5: =IF(B5=0,0,E5/B5)
A6: Media | B6: =COUNTIF(Observaciones!$K$5:$K$29,A6) | C6: =COUNTIFS(Observaciones!$K$5:$K$29,$A6,Observaciones!$N$5:$N$29,"Pendiente") | D6: =COUNTIFS(Observaciones!$K$5:$K$29,$A6,Observaciones!$N$5:$N$29,"En progreso") | E6: =COUNTIFS(Observaciones!$K$5:$K$29,$A6,Observaciones!$N$5:$N$29,"Realizada") | F6: =IF(B6=0,0,E6/B6)
A7: Baja | B7: =COUNTIF(Observaciones!$K$5:$K$29,A7) | C7: =COUNTIFS(Observaciones!$K$5:$K$29,$A7,Observaciones!$N$5:$N$29,"Pendiente") | D7: =COUNTIFS(Observaciones!$K$5:$K$29,$A7,Observaciones!$N$5:$N$29,"En progreso") | E7: =COUNTIFS(Observaciones!$K$5:$K$29,$A7,Observaciones!$N$5:$N$29,"Realizada") | F7: =IF(B7=0,0,E7/B7)
A8: Total | B8: =SUM(B4:B7) | C8: =SUM(C4:C7) | D8: =SUM(D4:D7) | E8: =SUM(E4:E7) | F8: =IF(B8=0,0,E8/B8)
A10: Revisor | B10: Total | C10: Crítica | D10: Alta | E10: Media | F10: Baja
A11: Pablo Román A. | B11: =COUNTIF(Observaciones!$C$5:$C$29,A11) | C11: =COUNTIFS(Observaciones!$C$5:$C$29,$A11,Observaciones!$K$5:$K$29,"Crítica") | D11: =COUNTIFS(Observaciones!$C$5:$C$29,$A11,Observaciones!$K$5:$K$29,"Alta") | E11: =COUNTIFS(Observaciones!$C$5:$C$29,$A11,Observaciones!$K$5:$K$29,"Media") | F11: =COUNTIFS(Observaciones!$C$5:$C$29,$A11,Observaciones!$K$5:$K$29,"Baja") | G11: Nota: a la espera de versión final
A12: Carolina Zambrano M. | B12: =COUNTIF(Observaciones!$C$5:$C$29,A12) | C12: =COUNTIFS(Observaciones!$C$5:$C$29,$A12,Observaciones!$K$5:$K$29,"Crítica") | D12: =COUNTIFS(Observaciones!$C$5:$C$29,$A12,Observaciones!$K$5:$K$29,"Alta") | E12: =COUNTIFS(Observaciones!$C$5:$C$29,$A12,Observaciones!$K$5:$K$29,"Media") | F12: =COUNTIFS(Observaciones!$C$5:$C$29,$A12,Observaciones!$K$5:$K$29,"Baja") | G12: Nota: 5,9
A15: Criterio de priorización
A16: Crítica | B16: Condición para aprobar: el Prof. Román indica que, si no se corrige, recomendaría la reprobación y deja la nota pendiente. Incluye capítulos faltantes (requerimientos, pruebas, conclusiones) y evidencia del trabajo.
A17: Alta | B17: Cambios de fondo que afectan la validez técnica (evaluación, score, interpretación de resultados), requisitos formales obligatorios o puntos señalados por ambos revisores.
A18: Media | B18: Mejoras de contenido de bajo esfuerzo o que se resuelven al hacer una corrección de mayor prioridad.
A19: Baja | B19: Forma y estilo; la Prof. Zambrano indica que no afectan la calidad técnica. Dejar para la revisión final.
A21: Orden de trabajo sugerido
A22: 1. Aplicar la plantilla oficial (R-08) y reorganizar los capítulos: fusionar 1 y 2 (R-10), crear Requerimientos, Pruebas y Conclusiones vacíos.
A23: 2. Requerimientos y casos de uso (R-03), luego Diseño con los 4 diagramas sugeridos (R-04, Z-09) y la fórmula del score (Z-05).
A24: 3. Pruebas y evaluación: pruebas funcionales y de usuario (R-05), detalle de las 15 consultas y del ground truth (Z-04), matriz de trazabilidad (R-11).
A25: 4. Reinterpretar resultados (Z-06, Z-07) y escribir Conclusiones y Trabajo futuro (R-06, Z-08, R-02).
A26: 5. Ampliar el marco teórico (R-07, Z-10 a Z-14), evidencia y Gantt (R-01, R-09).
A27: 6. Revisión final de forma (Z-01, Z-02, Z-03) y marcar en amarillo los cambios en el PDF, como pide el formulario.

Sheet Observaciones
A1: Observaciones de revisión de memoria – Módulo de recuperación semántica con PLN (APPPapers)
A2: Fuentes: Informe de revisión Prof. Pablo Román A. (PDF, nota: a la espera de versión final) · Informe de revisión Prof. Carolina Zambrano M. (Word, nota 5,9). Editar solo las columnas con fondo amarillo (Estado, Comentarios / respuesta).
A4: Orden | B4: ID | C4: Revisor | D4: Sección del informe | E4: Capítulo afectado | F4: Observación | G4: Acción concreta a realizar | H4: Tipo | I4: Impacto | J4: Esfuerzo | K4: Prioridad | L4: Relacionada con | M4: Justificación de la prioridad | N4: Estado | O4: Comentarios / respuesta
A5: 1 | B5: R-01 | C5: Pablo Román A. | D5: Resumen | E5: Todo el documento | F5: El texto no muestra evidencia del trabajo realizado; "parece un informe de curso de seminario, no el contenido de una memoria". Recomienda reprobación si no se corrige. | G5: Incorporar evidencia concreta de la implementación: capturas de la app, fragmentos de código clave, estructura de módulos, ejemplos reales de consultas y respuestas, resultados obtenidos. | H5: Fondo | I5: Alto | J5: Alto | K5: Crítica | L5: R-02, R-11 | M5: Condición explícita de aprobación del Prof. Román (amenaza de reprobación). | N5: Realizada | O5: Se agregó evidencia verificable: capturas reales de la aplicación con ejemplos de consulta y respuesta (Figs. 5 y 6 en la Secc. 5.1: consulta temática con 20 resultados y consulta por autor y período con 24 publicaciones; Fig. 7 en la Secc. 6.2: pestaña Evaluación con los valores de la Tabla 8), Cap. 3 (10 RF y 5 RNF), Cap. 6 con 34 pruebas automatizadas testthat aprobadas (Tabla 7), evaluación (6.2), matriz de trazabilidad (Tabla 10) y cumplimiento de objetivos (Tabla 15).
A6: 2 | B6: R-02 | C6: Pablo Román A. | D6: Resumen | E6: Objetivos / Conclusiones | F6: No se muestra que los objetivos descritos fueron realizados. | G6: Agregar una tabla de trazabilidad Objetivo específico → Sección/evidencia donde se cumple → Resultado. Retomarla en las conclusiones. | H6: Fondo | I6: Alto | J6: Medio | K6: Crítica | L6: R-01, R-13 | M6: Condición explícita de aprobación del Prof. Román. | N6: Realizada | O6: Tabla 15 (Conclusiones): cada objetivo (OE1-OE5 y general) con la sección donde se documenta, la evidencia (pruebas y métricas) y su estado; retomada en las conclusiones.
A7: 3 | B7: R-03 | C7: Pablo Román A. | D7: Contenido | E7: Nuevo capítulo de Requerimientos | F7: Debe existir un capítulo de requerimientos escrito formalmente como en Ingeniería de Software. ¿Dónde están los casos de uso? | G7: Crear capítulo de Requerimientos: requisitos funcionales y no funcionales (con ID), diagrama y especificación de casos de uso. Mover aquí los casos de uso que hoy están en Diseño. | H7: Fondo | I7: Alto | J7: Alto | K7: Crítica | L7: R-04, R-10 | M7: Capítulo faltante exigido; base para la trazabilidad de requisitos. | N7: Realizada | O7: Nuevo Capítulo 3 «Requerimientos»: 10 requerimientos funcionales con ID, origen y caso de uso (Tabla 2), 5 no funcionales con criterio de aceptación verificable (Tabla 3) y casos de uso movidos desde Diseño a la Secc. 3.3 (Tabla 4). Capítulos, secciones, tablas, referencias e índices renumerados.
A8: 4 | B8: R-04 | C8: Pablo Román A. | D8: Contenido | E8: Diseño del sistema | F8: El diseño del sistema está en extremo pobre, no sigue las metodologías de los cursos de Ingeniería de Software; los casos de uso están mal ubicados y no hay orden. | G8: Reescribir el capítulo de Diseño siguiendo metodología de IngSoft: arquitectura, diagrama de componentes, diagrama de flujo de datos, diagramas de secuencia/actividad del pipeline, modelo de datos. | H8: Fondo | I8: Alto | J8: Alto | K8: Crítica | L8: Z-09, R-03 | M8: Ambos revisores piden reforzar el diseño; para Román es bloqueante. | N8: Realizada | O8: Capítulo 4 «Diseño del sistema» con arquitectura en capas (Fig. 1), componentes (Tabla 5), modelo de datos (Tabla 6), pipeline y flujo de datos (Figs. 2 y 3) y diagrama de secuencia de una consulta con los archivos y funciones del código que intervienen (Fig. 4, Secc. 4.4); los casos de uso pasaron al Cap. 3.
A9: 5 | B9: R-05 | C9: Pablo Román A. | D9: Contenido | E9: Evaluación / Pruebas | F9: ¿Dónde están los tests? ¿Las pruebas de usuario? Falta la evaluación del sistema. | G9: Agregar capítulo de Pruebas y Evaluación: pruebas unitarias/funcionales de los módulos, pruebas de usuario (protocolo, participantes, resultados) y la evaluación de recuperación (métricas). | H9: Fondo | I9: Alto | J9: Alto | K9: Crítica | L9: R-11, Z-04 | M9: Capítulo faltante exigido por Román; Zambrano también pide detallar la evaluación. | N9: Realizada | O9: Nuevo Capítulo 6 «Pruebas y evaluación»: 34 pruebas automatizadas con testthat (unitarias, de integración sobre el corpus real y funcional de la app con shiny::testServer), todas aprobadas (Tabla 7), en tests/ del repositorio; la evaluación de recuperación pasó a la Secc. 6.2. Las pruebas detectaron y se corrigió un error en calcular_tp (las métricas no cambiaron). Secc. 6.4: prueba exploratoria de usabilidad con 5 participantes que no participaron en el desarrollo (3 estudiantes de la USACH), remota y de uso libre, con la escala SUS (Brooke, 1996) y dos preguntas abiertas: SUS promedio 92,5 (87,5-97,5); la mejora más pedida es reducir el tiempo de espera al iniciar. Se declaran sus límites (sin tareas medidas, sin observación directa, n = 5).
A10: 6 | B10: R-06 | C10: Pablo Román A. | D10: Contenido | E10: Conclusiones | F10: ¿Las conclusiones y el trabajo futuro? | G10: Agregar capítulo de Conclusiones (cumplimiento de objetivos, aportes, limitaciones) y sección de Trabajo futuro. | H10: Fondo | I10: Alto | J10: Medio | K10: Crítica | L10: Z-08, R-02 | M10: Capítulo faltante; ambos revisores lo piden. | N10: Realizada | O10: Conclusiones (cumplimiento de objetivos en la Tabla 15, aportes y limitaciones) y apartado «Trabajo futuro» (7 líneas, incluidas pruebas con usuarios). Siguiendo la guía de la biblioteca, las conclusiones no se numeran como capítulo.
A11: 7 | B11: R-07 | C11: Pablo Román A. | D11: Contenido | E11: Marco teórico | F11: El marco teórico está muy pobre. | G11: Ampliar el marco teórico (~4 páginas con ejemplos) siguiendo las sugerencias detalladas de Z-10 a Z-14. | H11: Fondo | I11: Alto | J11: Alto | K11: Crítica | L11: Z-10, Z-11, Z-12, Z-13, Z-14 | M11: Ambos revisores lo piden; Zambrano entrega la pauta concreta. | N11: Realizada | O11: Se amplió con léxica vs. semántica (2.2), difusa y sinónimos (2.3), embeddings (2.4), híbrida (2.5) y métricas (2.8).
A12: 8 | B12: R-11 | C12: Pablo Román A. | D12: Resumen | E12: Evaluación / Requisitos / Resultados | F12: Se requieren correcciones sustantivas en la documentación de la evaluación, la trazabilidad de requisitos y la interpretación de resultados antes de cerrar la revisión. | G12: Documentar metodología de evaluación (ver Z-04), matriz de trazabilidad requisito → componente → prueba, y reinterpretar resultados (ver Z-06, Z-07). | H12: Fondo | I12: Alto | J12: Alto | K12: Crítica | L12: Z-04, Z-06, Z-07, R-03, R-05 | M12: Condición explícita para cerrar la revisión. | N12: Realizada | O12: Evaluación reconstruida y reinterpretada (Secc. 6.2, Tablas 8 y 9) y matriz de trazabilidad requisito → componente → prueba (Tabla 10, Secc. 6.3), con todas las pruebas aprobadas salvo RNF-04, verificado por inspección.
A13: 9 | B13: R-08 | C13: Pablo Román A. | D13: Formato | E13: Portada / Formato general | F13: Debe seguir el formato oficial de memorias de título. La portada dice otra cosa. | G13: Aplicar la plantilla oficial de memoria del DIINF (portada, índices, márgenes, numeración, estructura). Corregir el texto de la portada. | H13: Forma | I13: Alto | J13: Bajo | K13: Alta | L13: Z-01 | M13: Requisito formal obligatorio y de bajo esfuerzo: conviene resolverlo primero. | N13: Realizada | O13: Portada con la plantilla oficial de la Facultad de Ingeniería (Sistema de Bibliotecas Usach) en una página sin número; resumen de 264 palabras (máx. 300) con 4 palabras clave; tabla de contenido automática sin resumen ni abstract; páginas numeradas e índices de tablas y figuras con página; conclusiones, glosario (orden alfabético) y referencias sin numerar.
A14: 10 | B14: R-09 | C14: Pablo Román A. | D14: Contenido | E14: Capítulos 1 y 2 | F14: Falta ambiente de trabajo, Gantt que muestre el trabajo realizado y metodología. | G14: Agregar secciones: Ambiente de trabajo (hardware, software, herramientas), Metodología de desarrollo y Carta Gantt con las actividades realmente ejecutadas. | H14: Fondo | I14: Alto | J14: Medio | K14: Alta | L14: R-01, R-10 | M14: Contenido estándar de una memoria; además aporta evidencia del trabajo (R-01). | N14: Realizada | O14: Carta Gantt de actividades realizadas (Fig. 8, Secc. 7.1) y ambiente de trabajo con versiones (Tabla 12, Secc. 7.4).
A15: 11 | B15: Z-04 | C15: Carolina Zambrano M. | D15: Contenido | E15: Evaluación | F15: Describir la evaluación con más detalle: cómo se seleccionaron las 15 consultas y cómo se construyó manualmente el ground truth para evaluar los 3.914 documentos. | G15: Agregar subsección de diseño experimental: criterio de selección de las 15 consultas (listarlas), procedimiento de etiquetado de relevancia, quién etiquetó y criterios usados. | H15: Fondo | I15: Alto | J15: Medio | K15: Alta | L15: R-05, R-11 | M15: Coincide con lo que Román exige sobre la evaluación. | N15: Realizada | O15: Sección 6.2 y Tabla 9: las 15 consultas, su criterio de relevancia y el procedimiento de construcción del ground truth (agrupación de 1.546 candidatos desde los sistemas y un patrón temático independiente; juicio a ciegas con criterios escritos en dos revisiones independientes asistidas por un modelo de lenguaje, kappa = 0,93), y verificación del autor en una muestra de 50 candidatos (94 % de acuerdo, kappa = 0,87). El ground truth anterior se reemplazó por sus sesgos.
A16: 12 | B16: Z-05 | C16: Carolina Zambrano M. | D16: Contenido | E16: Diseño / Implementación | F16: Explicitar el cálculo del score_semantico: cómo se combinan y ponderan la búsqueda difusa, la expansión de sinónimos y la similitud por embeddings. | G16: Incluir la fórmula del score_semantico con sus pesos y umbrales, y un ejemplo numérico con una consulta real. | H16: Fondo | I16: Alto | J16: Bajo | K16: Alta | L16: Z-11, R-04 | M16: Núcleo técnico del aporte; bajo esfuerzo. | N16: Realizada | O16: Sección 4.4: fórmula score_semantico = 0,60·s_emb + 0,25·s_dif + 0,15·s_sin, definición de cada componente, umbral de 0,20, máximo de 20 resultados, fórmula del modo sin embeddings y ejemplo numérico con la consulta «aprendizaje automático en educación». Para que el texto corresponda al código, esta fusión se implementó en nlp_semantic_scoring.R.
... A27: 23 | B27: Z-01 | C27: Carolina Zambrano M. | D27: Formato | E27: Tablas | F27: Numeración de tablas: "Tabla 4" se usa para los casos de uso y para los resultados de evaluación (págs. 13 y 14). Revisar todas las numeraciones y sus referencias en el texto. | G27: Usar numeración automática de Word (títulos y referencias cruzadas) y regenerar el índice de tablas. | H27: Forma | I27: Medio | J27: Bajo | K27: Media | L27: R-08 | M27: Se resuelve casi solo al aplicar la plantilla oficial. | N27: Realizada | O27: Se corrigió la numeración duplicada: los casos de uso son la Tabla 4 y los resultados de evaluación, la Tabla 8. Las 15 tablas quedaron numeradas en orden, con sus referencias y el índice de tablas actualizados.
A28: 24 | B28: Z-02 | C28: Carolina Zambrano M. | D28: Formato | E28: Todo el documento | F28: Uniformar la terminología técnica: PLN/NLP, ranking, embeddings, papers. | G28: Definir un término por concepto (p. ej. PLN, "publicaciones") y aplicarlo en todo el texto; agregar glosario si corresponde. | H28: Forma | I28: Bajo | J28: Bajo | K28: Baja | M28: La revisora indica que no afecta la calidad técnica. Hacer en la revisión final. | N28: Realizada | O28: Se usa «PLN» en todo el texto (definido en su primera mención, Sección 1.2), «publicaciones» en lugar de «papers» (se conserva solo en nombres de archivos y variables, p. ej. BD_papers.csv), «consulta» en lugar de «query», «ranking» y «embeddings multilingües». Se actualizó el glosario.
A29: 25 | B29: Z-03 | C29: Carolina Zambrano M. | D29: Formato | E29: Todo el documento | F29: Revisar errores menores de redacción y mejorar la presentación de algunas tablas y fragmentos de texto. | G29: Revisión ortográfica y de estilo final; homogeneizar el formato de tablas. | H29: Forma | I29: Bajo | J29: Bajo | K29: Baja | M29: La revisora indica que no afecta la calidad técnica. Hacer en la revisión final. | N29: Realizada | O29: Revisión de redacción y concordancia, y decimales con coma (p. ej. 0,7400). Tablas con el título unido a la tabla, encabezado sombreado que se repite en cada página y filas que no se dividen entre páginas.

Sheet Reporte Correcciones
A1: REPORTE DE CORRECCIONES REALIZADAS (formato del formulario oficial)
A2: Se llena solo desde la hoja Observaciones. Copiar al formulario de cada profesor filtrando por revisor.
A4: N° de la observación | B4: Revisor | C4: Descripción | D4: Estado de la observación | E4: Comentarios
A5: =Observaciones!B5 | B5: =Observaciones!C5 | C5: =Observaciones!F5 | D5: =Observaciones!N5 | E5: =IF(Observaciones!O5="","",Observaciones!O5)
A6: =Observaciones!B6 | B6: =Observaciones!C6 | C6: =Observaciones!F6 | D6: =Observaciones!N6 | E6: =IF(Observaciones!O6="","",Observaciones!O6)
A7: =Observaciones!B7 | B7: =Observaciones!C7 | C7: =Observaciones!F7 | D7: =Observaciones!N7 | E7: =IF(Observaciones!O7="","",Observaciones!O7)
A8: =Observaciones!B8 | B8: =Observaciones!C8 | C8: =Observaciones!F8 | D8: =Observaciones!N8 | E8: =IF(Observaciones!O8="","",Observaciones!O8)
A9: =Observaciones!B9 | B9: =Observaciones!C9 | C9: =Observaciones!F9 | D9: =Observaciones!N9 | E9: =IF(Observaciones!O9="","",Observaciones!O9)
A10: =Observaciones!B10 | B10: =Observaciones!C10 | C10: =Observaciones!F10 | D10: =Observaciones!N10 | E10: =IF(Observaciones!O10="","",Observaciones!O10)
A11: =Observaciones!B11 | B11: =Observaciones!C11 | C11: =Observaciones!F11 | D11: =Observaciones!N11 | E11: =IF(Observaciones!O11="","",Observaciones!O11)
A12: =Observaciones!B12 | B12: =Observaciones!C12 | C12: =Observaciones!F12 | D12: =Observaciones!N12 | E12: =IF(Observaciones!O12="","",Observaciones!O12)
A13: =Observaciones!B13 | B13: =Observaciones!C13 | C13: =Observaciones!F13 | D13: =Observaciones!N13 | E13: =IF(Observaciones!O13="","",Observaciones!O13)
A14: =Observaciones!B14 | B14: =Observaciones!C14 | C14: =Observaciones!F14 | D14: =Observaciones!N14 | E14: =IF(Observaciones!O14="","",Observaciones!O14)
A15: =Observaciones!B15 | B15: =Observaciones!C15 | C15: =Observaciones!F15 | D15: =Observaciones!N15 | E15: =IF(Observaciones!O15="","",Observaciones!O15)
A16: =Observaciones!B16 | B16: =Observaciones!C16 | C16: =Observaciones!F16 | D16: =Observaciones!N16 | E16: =IF(Observaciones!O16="","",Observaciones!O16)
... A29: =Observaciones!B29 | B29: =Observaciones!C29 | C29: =Observaciones!F29 | D29: =Observaciones!N29 | E29: =IF(Observaciones!O29="","",Observaciones!O29)
